person,platform,rank,title,url,view_count,like_count,upload_date,duration,profile_url,status,scope,note
Dave Ramsey,YouTube,1,Can We Justify a $400 Purchase after Becoming Debt Free,https://www.youtube.com/watch?v=HB7kHFL3fL8,62064,1319,20260508,563,https://www.youtube.com/@TheRamseyShow/videos,metadata_collected,top_by_view_within_latest_10_youtube_videos,Official Ramsey Show channel; Facebook has high reach but video view extraction is not reliable without account/API access.
Dave Ramsey,YouTube,2,Our Investors Embezzled Over A Million Dollars (We Lost Our Income),https://www.youtube.com/watch?v=evCYRqrrrP4,49187,904,20260510,508,https://www.youtube.com/@TheRamseyShow/videos,metadata_collected,top_by_view_within_latest_10_youtube_videos,Official Ramsey Show channel; Facebook has high reach but video view extraction is not reliable without account/API access.
Dave Ramsey,YouTube,3,"""I'm Pretty Good with Money"" (Filed For Bankruptcy Twice)",https://www.youtube.com/watch?v=mgw2RrrFjiU,44316,914,20260510,502,https://www.youtube.com/@TheRamseyShow/videos,metadata_collected,top_by_view_within_latest_10_youtube_videos,Official Ramsey Show channel; Facebook has high reach but video view extraction is not reliable without account/API access.
Robert Kiyosaki,YouTube,1,"Why the Same Mistake That Caused 2008 Is Happening Again - Robert Kiyosaki, George Gammon",https://www.youtube.com/watch?v=SPl04rvJ7eA,71634,1801,20260506,2251,https://www.youtube.com/@TheRichDadChannel/videos,metadata_collected,top_by_view_within_latest_10_youtube_videos,Official Rich Dad channel.
Robert Kiyosaki,YouTube,2,"World War III Has Already Begun? What You Are Missing Right Now - Robert Kiyosaki, Gerald Celente",https://www.youtube.com/watch?v=sz_2Uv1vqq8,60323,1924,20260429,2190,https://www.youtube.com/@TheRichDadChannel/videos,metadata_collected,top_by_view_within_latest_10_youtube_videos,Official Rich Dad channel.
Robert Kiyosaki,YouTube,3,Why the Rich Don’t Quit Their Jobs Too Early (And What They Do Instead) - Robert Kiyosaki,https://www.youtube.com/watch?v=BaUniq9zn7A,34911,1675,20260509,1324,https://www.youtube.com/@TheRichDadChannel/videos,metadata_collected,top_by_view_within_latest_10_youtube_videos,Official Rich Dad channel.
Ankur Warikoo,YouTube,1,"30,000 vs 3,00,000 vs 3,00,00,000 INR Per Month | The India You Didn't Know You Were A Part Of",https://www.youtube.com/watch?v=aofTlE_mctg,945290,24762,20260418,1299,https://www.youtube.com/@warikoo/videos,metadata_collected,top_by_view_within_latest_10_youtube_videos,Large finance/career creator in India.
Ankur Warikoo,YouTube,2,21-Year-Old TRAPPED in ₹1 LAKH Monthly EMI! | Money Matters Ep. 108 | Ankur Warikoo Hindi,https://www.youtube.com/watch?v=JBWgPt3lrVk,503028,12849,20260415,1180,https://www.youtube.com/@warikoo/videos,metadata_collected,top_by_view_within_latest_10_youtube_videos,Large finance/career creator in India.
Ankur Warikoo,YouTube,3,Rich Dad Poor Dad Got THESE Things WRONG! | Ankur Warikoo Hindi,https://www.youtube.com/watch?v=71XCDmeX0Do,369677,9674,20260411,1518,https://www.youtube.com/@warikoo/videos,metadata_collected,top_by_view_within_latest_10_youtube_videos,Large finance/career creator in India.
Pranjal Kamra,YouTube,1,How To Survive This Stock Market Correction?,https://www.youtube.com/watch?v=fvyaNVJmSoo,214462,11832,20260313,722,https://www.youtube.com/@PranjalKamra/videos,metadata_collected,top_by_view_within_latest_10_youtube_videos,Investing education channel.
Pranjal Kamra,YouTube,2,What To Do In a Stock Market Crash?,https://www.youtube.com/watch?v=CG7xgl7fJuU,130693,5300,20260324,782,https://www.youtube.com/@PranjalKamra/videos,metadata_collected,top_by_view_within_latest_10_youtube_videos,Investing education channel.
Pranjal Kamra,YouTube,3,Investment Plan for ₹5000/month,https://www.youtube.com/watch?v=3oVoV8nMuKs,80491,3032,20260228,893,https://www.youtube.com/@PranjalKamra/videos,metadata_collected,top_by_view_within_latest_10_youtube_videos,Investing education channel.
CA Rachana Ranade,YouTube,1,OnEMI Tech. Solutions Ltd| IPO Summary |Top things you need to know about this IPO|CA Rachana Ranade,https://www.youtube.com/watch?v=wNnnyXKZUnY,113339,163,20260504,956,https://www.youtube.com/@CARachanaRanade/videos,metadata_collected,top_by_view_within_latest_10_youtube_videos,Chartered accountant and stock-market education creator.
CA Rachana Ranade,YouTube,2,⁠Petrodollar & De-Dollarization: Is the Dollar in Danger? | CA Rachana Ranade,https://www.youtube.com/watch?v=smxMmWnenjM,57191,3196,20260418,1063,https://www.youtube.com/@CARachanaRanade/videos,metadata_collected,top_by_view_within_latest_10_youtube_videos,Chartered accountant and stock-market education creator.
CA Rachana Ranade,YouTube,3,Personal Finance in 50s: Retirement Planning & Money Mistakes to Avoid | CA Rachana Ranade,https://www.youtube.com/watch?v=XGUjllUgh3o,55882,876,20260424,1129,https://www.youtube.com/@CARachanaRanade/videos,metadata_collected,top_by_view_within_latest_10_youtube_videos,Chartered accountant and stock-market education creator.
Graham Stephan,YouTube,1,BREAKING: The FED Cancels ALL Rate Cuts - Stock Market Melt-Up Has Begun!,https://www.youtube.com/watch?v=BJfhJA6VvJ4,397682,10283,20260429,1041,https://www.youtube.com/@GrahamStephan/videos,metadata_collected,top_by_view_within_latest_10_youtube_videos,Personal finance and real-estate creator.
Graham Stephan,YouTube,2,Stock Market Just Hit ANOTHER Record - WTF Just Happened?!,https://www.youtube.com/watch?v=0xYAaI-wthM,292279,8270,20260504,991,https://www.youtube.com/@GrahamStephan/videos,metadata_collected,top_by_view_within_latest_10_youtube_videos,Personal finance and real-estate creator.
Graham Stephan,YouTube,3,It Started: Trump Just 'Reset' Your 401K,https://www.youtube.com/watch?v=JQ0_f_zyUM4,211613,5809,20260511,967,https://www.youtube.com/@GrahamStephan/videos,metadata_collected,top_by_view_within_latest_10_youtube_videos,Personal finance and real-estate creator.
Thai Pham,YouTube,1,"CÚ LỪA MANG TÊN ĐÀM PHÁN HÒA BÌNH MỸ - IRAN LẦN 2: CHỨNG KHOÁN, DẦU & VÀNG SẼ RA SAO?",https://www.youtube.com/watch?v=WLJmnKjJcFE,40614,1420,20260426,2338,https://www.youtube.com/@thaiphamofficialvn/videos,metadata_collected,top_by_view_within_latest_10_youtube_videos,Vietnamese finance/investing creator.
Thai Pham,YouTube,2,POWELL NÓI SỰ THẬT: ĐỪNG MƠ LÃI SUẤT GIẢM NĂM 2026. KỊCH BẢN GIÁ VÀNG? BITCOIN? CHỨNG KHOÁN?,https://www.youtube.com/watch?v=Hqmx5SzsHHQ,39143,2188,20260430,1375,https://www.youtube.com/@thaiphamofficialvn/videos,metadata_collected,top_by_view_within_latest_10_youtube_videos,Vietnamese finance/investing creator.
Thai Pham,YouTube,3,"THỊ TRƯỜNG 'XANH VỎ ĐỎ LÒNG': TẠI SAO VN-INDEX PHÁ ĐỈNH 1,915 ĐIỂM NHƯNG TÀI KHOẢN ĐA SỐ VẪN LỖ?",https://www.youtube.com/watch?v=NAm4m7K_AU4,23705,1475,20260510,2398,https://www.youtube.com/@thaiphamofficialvn/videos,metadata_collected,top_by_view_within_latest_10_youtube_videos,Vietnamese finance/investing creator.
Hieu TV,YouTube,1,Tầm nhìn cho cuộc sống,https://www.youtube.com/watch?v=9BIaI8G3mRU,409933,13078,20240609,1260,https://www.youtube.com/@hieu-tv/videos,metadata_collected,top_by_view_within_latest_10_youtube_videos,Vietnamese personal-finance podcast/channel.
Hieu TV,YouTube,2,Tiêu tiền thế nào cho hợp lý?,https://www.youtube.com/watch?v=a7kg3MTeT28,311351,10522,20240519,1310,https://www.youtube.com/@hieu-tv/videos,metadata_collected,top_by_view_within_latest_10_youtube_videos,Vietnamese personal-finance podcast/channel.
Hieu TV,YouTube,3,Chia tay Podcast Hieu TV,https://www.youtube.com/watch?v=76qDG_GaW68,309416,12496,20240714,1140,https://www.youtube.com/@hieu-tv/videos,metadata_collected,top_by_view_within_latest_10_youtube_videos,Vietnamese personal-finance podcast/channel.
Erika Kullberg,YouTube,1,Marketing Expert Reveals Secret For Building an Audience That Buys | Seth Godin,https://www.youtube.com/watch?v=zglDZqfHPo4,292301,9023,20240625,3318,https://www.youtube.com/@Erika2/videos,metadata_collected,top_by_view_within_latest_10_youtube_videos,Also very large on TikTok/Instagram; YouTube metadata is used where accessible.
Erika Kullberg,YouTube,2,This Single Skill Made Him A Billionaire In Under 1 Year | Ankur Jain,https://www.youtube.com/watch?v=KZVWlWg5ZJU,179969,3341,20240521,3994,https://www.youtube.com/@Erika2/videos,metadata_collected,top_by_view_within_latest_10_youtube_videos,Also very large on TikTok/Instagram; YouTube metadata is used where accessible.
Erika Kullberg,YouTube,3,"Meet The School Teacher Now Making $20,000,000 | Teri Ijeoma",https://www.youtube.com/watch?v=CHa1h_9M_Zs,154156,4182,20240528,2147,https://www.youtube.com/@Erika2/videos,metadata_collected,top_by_view_within_latest_10_youtube_videos,Also very large on TikTok/Instagram; YouTube metadata is used where accessible.
Mark Tilbury,YouTube,1,The AI Bubble Is On The Verge Of Collapse,https://www.youtube.com/watch?v=C6eXTvqdaro,5795902,138948,20251101,907,https://www.youtube.com/@MarkTilbury/videos,metadata_collected,top_by_view_within_latest_10_youtube_videos,Also large on TikTok; YouTube metadata is used where accessible.
Mark Tilbury,YouTube,2,You'll Wish You Found This Video Before Getting Rich,https://www.youtube.com/watch?v=PyGXqrtYPHQ,2270286,86987,20251004,760,https://www.youtube.com/@MarkTilbury/videos,metadata_collected,top_by_view_within_latest_10_youtube_videos,Also large on TikTok; YouTube metadata is used where accessible.
Mark Tilbury,YouTube,3,I'm Changing How I Invest My Money Because of AI,https://www.youtube.com/watch?v=O8t50OxsfB8,2238351,59483,20260306,1192,https://www.youtube.com/@MarkTilbury/videos,metadata_collected,top_by_view_within_latest_10_youtube_videos,Also large on TikTok; YouTube metadata is used where accessible.
Humphrey Yang,YouTube,1,10 Things That Are No Longer Worth Your Money,https://www.youtube.com/watch?v=iaYdIU5n6vw,706963,13560,20260423,1051,https://www.youtube.com/@humphrey/videos,metadata_collected,top_by_view_within_latest_10_youtube_videos,Also large on TikTok; YouTube metadata is used where accessible.
Humphrey Yang,YouTube,2,Japan’s Debt Bomb Is About To Wreck The US Dollar,https://www.youtube.com/watch?v=IbQ_W1mn2mc,684136,10424,20260312,843,https://www.youtube.com/@humphrey/videos,metadata_collected,top_by_view_within_latest_10_youtube_videos,Also large on TikTok; YouTube metadata is used where accessible.
Humphrey Yang,YouTube,3,Every Financial Trap You'll Face As Your Net Worth Grows,https://www.youtube.com/watch?v=SqFKiYMqdjU,406650,6741,20260326,848,https://www.youtube.com/@humphrey/videos,metadata_collected,top_by_view_within_latest_10_youtube_videos,Also large on TikTok; YouTube metadata is used where accessible.
Tatiana London,TikTok,,,https://www.tiktok.com/@tatlondono,,,,,https://www.tiktok.com/@tatlondono,manual_verification_required,profile_link_only_no_reliable_public_top_by_view_extraction,TikTok profile. Public top-by-view extraction often requires browser/session access.
Vivian Tu / Your Rich BFF,TikTok,,,https://www.tiktok.com/@yourrichbff,,,,,https://www.tiktok.com/@yourrichbff,manual_verification_required,profile_link_only_no_reliable_public_top_by_view_extraction,TikTok profile. Public top-by-view extraction often requires browser/session access.
Bàn Luận Tài Chính,TikTok,,,https://www.tiktok.com/@banluantaichinh,,,,,https://www.tiktok.com/@banluantaichinh,manual_verification_required,profile_link_only_no_reliable_public_top_by_view_extraction,Vietnamese TikTok finance/current-affairs account. Requires manual verification if TikTok blocks scraping.
